0;building information management;14
1;product lifecycle management;129
2;product design;10
3;ergonomic;3
4;design method;3
5;business process modeling;1
6;product data management;7
7;architecture;2
8;product development;12
9;product development process;5
10;heterogeneous data;2
11;graph;3
12;biomedical;1
13;lean product development;3
14;system engineering;9
15;knowledge management;16
16;engineering education;2
17;machining;1
18;performance measurement;2
19;fashion industry;2
20;product lifecycle support;1
21;information modeling;1
22;smart factory;2
23;intelligent manufacturing;2
24;core product model;1
25;open assembly model;1
26;interoperability;13
27;modularity;2
28;safety engineering;1
29;integrated design;1
30;collaborative engineering;4
31;platform;4
32;liaison;1
33;ontology;19
34;knowledge based framework;1
35;data analytics;5
36;meta model;1
37;neural network;2
38;internet of things;21
39;product lifecycle management process;1
40;big data;4
41;semantic interoperability;8
42;collaborative design process;1
43;decision making;3
44;knowledge based engineering;7
45;complex system;2
46;multidisciplinary integration;1
47;agile;1
48;big data analytics;1
49;innovation;5
50;small and medium sized enterprise;12
51;planning;1
52;reverse engineering;2
53;machine learning;14
54;assembly model;1
55;middle of life;1
56;closed loop product lifecycle management;6
57;social network;1
58;smart product;6
59;return on investment;1
60;value;1
61;simulation data management ;1
62;traceability;6
63;service lifecycle management;1
64;closed loop lifecycle management;1
65;system of systems;4
66;smart city;2
67;product structure;2
68;bill of materials;2
69;construction;1
70;modular;1
71;trend;2
72;collaboration;3
73;standard;3
74;supply chain;5
75;new product development;6
76;cloud manufacturing;1
77;modeling and simulation;2
78;design automation;3
79;design intent;4
80;design rationale;1
81;geographical information system;2
82;lifecycle assessment;4
83;global manufacturing;1
84;natural language text;1
85;Sentiment analysis;1
86;design management;1
87;quality function deployment;1
88;modeling;2
89;software as a service;1
90;data model;2
91;reconfiguration;3
92;building information modeling;7
93;field data;1
94;shape matching;1
95;information visualization;1
96;SYSML;4
97;education;5
98;survey;1
99;context;1
100;knowledge acquisition;2
101;modular design;3
102;product configuration;4
103;design process;1
104;product lifecycle management system;2
105;knowledge reuse;5
106;product feature;1
107;cultural heritage;1
108;integration;4
109;sustainable design;1
110;ecodesign;1
111;digital manufacturing;2
112;digital factory;1
113;lean thinking;3
114;sustainable manufacturing;4
115;lifecycle;5
116;decision mining;1
117;business process;4
118;collaborative design;2
119;additive manufacturing;7
120;manufacturing;5
121;product lifecycle management tool;2
122;model based definition;4
123;semantic search;1
124;cost estimation;3
125;organizational change;1
126;productivity;2
127;mass customization;4
128;modularization;2
129;assembly simulation;1
130;enterprise architecture;3
131;configuration management;2
132;transformation;1
133;system design;1
134;system lifecycle management;2
135;industrial digital mockup;2
136;assembly;1
137;product lifecycle management implementation;2
138;product service system design;1
139;management;1
140;part reuse;2
141;simulation;3
142;case study;6
143;virtual reality;8
144;virtual prototyping;1
145;framework;2
146;extended enterprise;1
147;information system;2
148;uncertainty;2
149;product service system;4
150;strategy;1
151;information management;4
152;computer aided design;6
153;multi agent system;1
154;knowledge capitalization;1
155;maturity model;10
156;ISO 10303;1
157;STEP;1
158;UML;1
159;conceptual design;8
160;concurrent engineering;2
161;facility management;1
162;shipbuilding;2
163;performance management;1
164;key performance indicator;1
165;artificial intelligence;12
166;discrete event simulation;2
167;model based system engineering;6
168;prototyping;1
169;content management;2
170;innovation process;2
171;creativity;2
172;visualization;3
173;optimization;1
174;change propagation;1
175;bayesian network;1
176;augmented reality;5
177;manufacturing resource;1
178;process planning;2
179;maintenance;1
180;six sigma;1
181;lean concept;1
182;reference ontology;2
183;knowledge structure;1
184;graph theory;2
185;digitalization;6
186;sustainable development;1
187;digital mockup;1
188;lifecycle management;4
189;end of life;2
190;business model;12
191;recycling;1
192;reuse;1
193;remanufacturing;2
194;personalization;1
195;product lifecycle;6
196;finite element analysis;1
197;change management;2
198;project based learning;2
199;design for manufacturing;1
200;data management;1
201;process optimization;1
202;predictive maintenance;3
203;servitization;1
204;implementation;4
205;sustainability;11
206;reference model;1
207;TF_IDF;1
208;clustering;1
209;industry foundation class;1
210;engineering knowledge;1
211;data exchange;2
212;cyber physical system;1
213;engineering design;1
214;assessment;2
215;function;1
216;product improvement;1
217;product recovery;2
218;disassembly;3
219;decision support system;1
220;knowledge extraction;1
221;context awareness;2
222;lean;3
223;3D modeling;1
224;communication;1
225;assessment method;1
226;usability;2
227;open source;1
228;lifecycle simulation;1
229;engineering change management;1
230;structural complexity management;1
231;prototype;1
232;3D printing;2
233;parametric design;1
234;communication protocol;1
235;variety;1
236;genetic algorithm;1
237;product family;1
238;intelligent system;1
239;safety standard;1
240;carbon footprint;3
241;data collection;1
242;construction industry;1
243;continuous improvement;1
244;sketching;1
245;design;1
246;comparison;1
247;ecoefficiency;1
248;data quality;1
249;cluster;1
250;risk assessment;1
251;supply chain management;3
252;line design;1
253;information retrieval;1
254;manufacturing industry;1
255;artificial neural network;2
256;maturity;1
257;model;1
258;product;1
259;alignment;1
260;circular economy;4
261;enterprise resource planning;2
262;manufacturing execution system;2
263;design review;2
264;model based system engineering ;4
265;application lifecycle management;1
266;exchange;1
267;synchronization;1
268;fashion;2
269;technology acceptance model;1
270;dashboard;1
271;knowledge based system;2
272;obsolescence;2
273;obsolescence management;1
274;automotive;1
275;model based enterprise;2
276;benchmarking;1
277;SCRUM;1
278;design for x;2
279;agility;1
280;analytic hierarchy process ;1
281;business strategy;1
282;methodology;1
283;textile;1
284;automotive industry;1
285;requirement engineering;1
286;asset management;1
287;software engineering;1
288;software product management;1
289;social responsibility;1
290;user experience;3
291;human computer interaction;1
292;cost driver;1
293;activity based costing;1
294;production management;1
295;production engineering;1
296;human;1
297;risk management;1
298;wireless sensor network;1
299;lean production;1
300;failure mode and effect analysis;1
301;strategic alignment;1
302;PMBOK;1
303;semantic;1
304;knowledge;2
305;data mapping;1
306;system integration;1
307;risk;1
308;taxonomy;2
309;knowledge transfer;2
310;mechatronic product;2
311;new product development project;1
312;security;1
313;information integration;1
314;workflow;1
315;provenance;1
316;****;1
317;maturity level;1
318;configuration system;1
319;configuration rule;1
320;best practice;1
321;FEM;1
322;mesh;1
323;business process management;1
324;classification;1
325;production;2
326;geometry;1
327;tracking;1
328;virtual human;1
329;technology;2
330;product innovation;1
331;metadata;1
332;technology readiness level;1
333;model based design;2
334;collaboration platform;1
335;operation management;1
336;product complexity;1
337;production system;1
338;enterprise information system;1
339;capability maturity;1
340;process;1
341;protocol;1
342;stage gate;1
343;information sharing;1
344;shipbuilding industry;1
345;engineering bill of materials;1
346;roadmap;2
347;equipment manufacturing;1
348;aerospace industry;1
349;lean management;1
350;process improvement;1
351;assembly line;1
352;knowledge exchange;1
353;open innovation;1
354;TRIZ;1
355;data warehouse;1
356;neutral model;1
357;nuclear power plant;1
